"","WaterYear","Peak","Average","Q710"
"1",2013,5861.46,2045.13585205479,514.517142857143
"2",2014,6073.32,2102.77338082192,508.464
"3",2015,7803.51,2520.45682191781,892.838571428571
